,movie,year,imdb,metascore,votes,us_grossMillions,timeMin
0,Knives Out,2019,8.0,82.0,213280,,131
1,Parasite,2019,8.6,96.0,303261,,132
2,Jojo Rabbit,2019,8.0,58.0,155313,0.35,108
3,The Gentlemen,2019,8.1,51.0,49226,,113
4,1917,2019,8.4,78.0,210720,,119
5,Uncut Gems,2019,7.6,90.0,116926,,135
6,Once Upon a Time... in Hollywood,2019,7.7,83.0,403608,135.37,161
7,Joker,2019,8.6,59.0,706635,192.73,122
8,Little Women,2019,8.0,91.0,70495,,135
9,Ford v Ferrari,2019,8.1,81.0,161785,,152
10,The Lighthouse,2019,7.7,83.0,81227,0.43,109
11,The Irishman,2019,7.9,94.0,255180,,209
12,Avengers: Endgame,2019,8.5,78.0,677315,858.37,181
13,The Shawshank Redemption,1994,9.3,80.0,2197417,28.34,142
14,Blade Runner 2049,2017,8.0,81.0,416397,92.05,164
15,Marriage Story,2019,8.0,93.0,185252,,137
16,Toy Story 4,2019,7.8,84.0,162589,433.03,100
17,The Wolf of Wall Street,2013,8.2,75.0,1093856,116.9,180
18,Spirited Away,2001,8.6,96.0,591580,10.06,125
19,The Godfather,1972,9.2,100.0,1514086,134.97,175
20,The Dark Knight,2008,9.0,84.0,2179601,534.86,152
21,Titanic,1997,7.8,75.0,995642,659.33,194
22,The Green Mile,1999,8.6,61.0,1072418,136.8,189
23,Goodfellas,1990,8.7,90.0,956463,46.84,146
24,Baby Driver,2017,7.6,86.0,399685,107.83,113
25,Harry Potter and the Sorcerer's Stone,2001,7.6,64.0,596386,317.58,152
26,Back to the Future,1985,8.5,87.0,984120,210.61,116
27,Interstellar,2014,8.6,74.0,1381594,188.02,169
28,Casino Royale,2006,8.0,80.0,556890,167.45,144
29,Inception,2010,8.8,74.0,1928436,292.58,148
30,The Shining,1980,8.4,66.0,836994,44.02,146
31,Inglourious Basterds,2009,8.3,69.0,1186768,120.54,153
32,Pulp Fiction,1994,8.9,94.0,1726949,107.93,154
33,Green Book,2018,8.2,69.0,296102,85.08,130
34,Call Me by Your Name,2017,7.9,93.0,179647,18.1,132
35,The Matrix,1999,8.7,73.0,1582489,171.48,136
36,The Lord of the Rings: The Fellowship of the Ring,2001,8.8,92.0,1574216,315.54,178
37,Fight Club,1999,8.8,66.0,1755199,37.03,139
38,The Peanut Butter Falcon,2019,7.7,70.0,34996,13.12,97
39,Guardians of the Galaxy,2014,8.0,76.0,998888,333.18,121
40,Mission: Impossible - Fallout,2018,7.8,86.0,263809,220.16,147
41,Mad Max: Fury Road,2015,8.1,90.0,822775,154.06,120
42,Blade Runner,1982,8.1,84.0,657463,32.87,117
43,Saving Private Ryan,1998,8.6,91.0,1165758,216.54,169
44,Gone Girl,2014,8.1,79.0,801069,167.77,149
45,Good Will Hunting,1997,8.3,70.0,806672,138.43,126
46,Avengers: Infinity War,2018,8.5,68.0,751620,678.82,149
47,Dunkirk,2017,7.9,94.0,504110,188.37,106
48,Dazed and Confused,1993,7.6,78.0,154340,7.99,102
49,Bohemian Rhapsody,2018,8.0,49.0,411410,216.43,134
50,The Sound of Music,1965,8.0,63.0,192908,163.21,172
51,Get Out,2017,7.7,84.0,446593,176.04,104
52,12 Angry Men,1957,8.9,96.0,641334,4.36,96
53,Spider-Man: Into the Spider-Verse,2018,8.4,87.0,299733,190.24,117
54,American Beauty,1999,8.3,84.0,1024055,130.1,122
55,Forrest Gump,1994,8.8,82.0,1696020,330.25,142
56,Shutter Island,2010,8.1,63.0,1056117,128.01,138
57,Stand by Me,1986,8.1,75.0,345910,52.29,89
58,No Country for Old Men,2007,8.1,91.0,801465,74.28,122
59,Apocalypse Now,1979,8.4,94.0,572983,83.47,147
60,Skyfall,2012,7.7,81.0,608900,304.36,143
61,Se7en,1995,8.6,65.0,1353908,100.13,127
62,Princess Mononoke,1997,8.4,76.0,311581,2.38,134
63,Gladiator,2000,8.5,67.0,1268999,187.71,155
64,The Princess Bride,1987,8.1,77.0,373738,30.86,98
65,Thor: Ragnarok,2017,7.9,74.0,536233,315.06,130
66,Avatar,2009,7.8,83.0,1080343,760.51,162
67,Rogue One: A Star Wars Story,2016,7.8,65.0,520725,532.18,133
68,The Two Popes,2019,7.6,75.0,78429,,125
69,Deadpool 2,2018,7.7,66.0,438841,324.59,119
70,Hacksaw Ridge,2016,8.1,71.0,396440,67.21,139
71,The Dark Knight Rises,2012,8.4,78.0,1443225,448.14,164
72,Schindler's List,1993,8.9,94.0,1146980,96.9,195
73,Jurassic Park,1993,8.1,68.0,816755,402.45,127
74,Wonder,2017,8.0,66.0,124418,132.42,113
75,The Silence of the Lambs,1991,8.6,85.0,1192956,130.74,118
76,The Favourite,2018,7.6,90.0,149562,34.37,119
77,Logan,2017,8.1,77.0,602433,226.28,137
78,The Departed,2006,8.5,85.0,1123989,132.38,151
79,Snatch,2000,8.3,55.0,746224,30.33,102
80,The Goonies,1985,7.8,62.0,228171,61.5,114
81,Prisoners,2013,8.1,74.0,556207,61.0,153
82,The Hateful Eight,2015,7.8,68.0,477990,54.12,168
83,There Will Be Blood,2007,8.2,93.0,484268,40.22,158
84,Alien,1979,8.4,89.0,746173,78.9,117
85,The Invisible Man,1933,7.7,,27952,,71
86,The Lord of the Rings: The Return of the King,2003,8.9,94.0,1562341,377.85,201
87,Léon: The Professional,1994,8.5,64.0,974047,19.5,110
88,Django Unchained,2012,8.4,81.0,1273337,162.81,165
89,Her,2013,8.0,90.0,501128,25.57,126
90,The Prestige,2006,8.5,66.0,1114831,53.09,130
91,American History X,1998,8.5,62.0,988652,6.72,119
92,Deadpool,2016,8.0,65.0,860421,363.07,108
93,Watchmen,2009,7.6,56.0,480341,107.51,162
94,Zodiac,2007,7.7,78.0,419461,33.08,157
95,Eternal Sunshine of the Spotless Mind,2004,8.3,89.0,859646,34.4,108
96,A Star Is Born,2018,7.7,88.0,298864,215.29,136
97,Requiem for a Dream,2000,8.3,68.0,727816,3.64,102
98,12 Monkeys,1995,8.0,74.0,553824,57.14,129
99,What We Do in the Shadows,2014,7.7,76.0,139562,3.33,86
100,Whiplash,2014,8.5,88.0,659749,13.09,106
101,Ex Machina,2014,7.7,78.0,445366,25.44,108
102,The Big Lebowski,1998,8.1,71.0,690553,17.5,117
103,The Revenant,2015,8.0,76.0,660119,183.64,156
104,The Lion King,1994,8.5,88.0,889005,422.78,88
105,Scarface,1983,8.3,65.0,696332,45.6,170
106,L.A. Confidential,1997,8.2,90.0,509258,64.62,138
107,Pirates of the Caribbean: The Curse of the Black Pearl,2003,8.0,63.0,985483,305.41,143
108,Batman Begins,2005,8.2,70.0,1244447,206.85,140
109,Spartacus,1960,7.9,87.0,118158,30.0,197
110,Taxi Driver,1976,8.3,94.0,677029,28.26,114
111,The Farewell,2019,7.7,89.0,32293,16.88,100
112,The Pianist,2002,8.5,85.0,679844,32.57,150
113,The Grand Budapest Hotel,2014,8.1,88.0,663749,59.1,99
114,"Three Billboards Outside Ebbing, Missouri",2017,8.2,88.0,385245,54.51,115
115,Harry Potter and the Deathly Hallows: Part 2,2011,8.1,87.0,720598,381.01,130
116,American Psycho,2000,7.6,64.0,455109,15.07,101
117,Raiders of the Lost Ark,1981,8.4,85.0,843060,248.16,115
118,Mulan,1998,7.6,71.0,235542,120.62,88
119,Star Wars: Episode IV - A New Hope,1977,8.6,90.0,1175240,322.74,121
120,Warrior,2011,8.2,71.0,416539,13.66,140
121,Terminator 2: Judgment Day,1991,8.5,75.0,950641,204.84,137
122,One Flew Over the Cuckoo's Nest,1975,8.7,83.0,866446,112.0,133
123,Arrival,2016,7.9,81.0,551419,100.55,116
124,Star Trek,2009,7.9,82.0,565560,257.73,127
125,The Big Short,2015,7.8,81.0,331130,70.26,130
126,Moana,2016,7.6,81.0,244739,248.76,107
127,The Godfather: Part II,1974,9.0,90.0,1060654,57.3,202
128,Oldboy,2003,8.4,77.0,482540,0.71,120
129,Harry Potter and the Goblet of Fire,2005,7.7,81.0,511794,290.01,157
130,Hidden Figures,2016,7.8,74.0,183639,169.61,127
131,Guardians of the Galaxy Vol. 2,2017,7.6,67.0,526554,389.81,136
132,28 Days Later...,2002,7.6,73.0,357145,45.06,113
133,The Notebook,2004,7.8,53.0,493219,81.0,123
134,The Graduate,1967,8.0,83.0,244664,104.95,106
135,The Social Network,2010,7.7,95.0,589198,96.96,120
136,The Martian,2015,8.0,80.0,716692,228.43,144
137,A Clockwork Orange,1971,8.3,80.0,719306,,136
138,Zootopia,2016,8.0,78.0,405795,341.27,108
139,Black Swan,2010,8.0,79.0,670762,106.95,108
140,The Handmaiden,2016,8.1,84.0,93095,2.01,145
141,The Curious Case of Benjamin Button,2008,7.8,70.0,558915,127.51,166
142,The Blind Side,2009,7.6,53.0,277385,255.96,129
143,A Beautiful Mind,2001,8.2,72.0,803257,170.74,135
144,The Breakfast Club,1985,7.9,62.0,330754,45.88,97
145,Pride & Prejudice,2005,7.8,82.0,239198,38.41,129
146,Come and See,1985,8.3,,48219,,142
147,Reservoir Dogs,1992,8.3,79.0,869783,2.83,99
148,Toy Story,1995,8.3,95.0,838846,191.8,81
149,La La Land,2016,8.0,93.0,466743,151.1,128
150,Harry Potter and the Prisoner of Azkaban,2004,7.9,82.0,513557,249.36,142
151,Manchester by the Sea,2016,7.8,96.0,228322,47.7,137
152,The Usual Suspects,1995,8.5,77.0,942045,23.34,106
153,The Hobbit: An Unexpected Journey,2012,7.8,58.0,735079,303.0,169
154,Kingsman: The Secret Service,2014,7.7,60.0,565557,128.26,129
155,Ferris Bueller's Day Off,1986,7.8,61.0,301588,70.14,103
156,300,2006,7.6,52.0,710099,210.61,117
157,Memories of Murder,2003,8.1,82.0,115924,0.01,132
158,The Terminator,1984,8.0,84.0,764443,38.4,107
159,Memento,2000,8.4,80.0,1067978,25.54,113
160,Kill Bill: Vol. 1,2003,8.1,69.0,948898,70.1,111
161,True Romance,1993,7.9,59.0,196381,12.28,119
162,Room,2015,8.1,86.0,338840,14.68,118
163,Home Alone,1990,7.6,63.0,441081,285.76,103
164,The Avengers,2012,8.0,69.0,1219998,623.28,143
165,"Lock, Stock and Two Smoking Barrels",1998,8.2,66.0,510216,3.9,107
166,Lolita,1962,7.6,79.0,87257,9.25,153
167,Saw,2004,7.6,46.0,363846,56.0,103
168,Blue Is the Warmest Colour,2013,7.7,88.0,130325,2.2,180
169,Gifted,2017,7.6,60.0,89720,24.8,101
170,The Girl with the Dragon Tattoo,2011,7.8,71.0,401139,102.52,158
171,Braveheart,1995,8.3,68.0,921058,75.6,178
172,The Lord of the Rings: The Two Towers,2002,8.7,87.0,1410509,342.55,179
173,Iron Man,2008,7.9,79.0,899825,318.41,126
174,Heat,1995,8.2,76.0,545107,67.44,170
175,The Hangover,2009,7.7,73.0,690344,277.32,100
176,The Invisible Guest,2016,8.1,,103097,,106
177,The Magnificent Seven,1960,7.7,74.0,83637,4.91,128
178,Love Actually,2003,7.6,55.0,408379,59.7,135
179,Catch Me If You Can,2002,8.1,75.0,764604,164.62,141
180,Coco,2017,8.4,81.0,323202,209.73,105
181,Into the Wild,2007,8.1,73.0,542971,18.35,148
182,Psycho,1960,8.5,97.0,565515,32.0,109
183,Life Is Beautiful,1997,8.6,59.0,582947,57.6,116
184,Rush,2013,8.1,74.0,409742,26.95,123
185,Goldfinger,1964,7.7,87.0,163908,51.08,110
186,2001: A Space Odyssey,1968,8.3,84.0,568677,56.95,149
187,Gangs of New York,2002,7.5,72.0,386339,77.81,167
188,Edge of Tomorrow,2014,7.9,71.0,569675,100.21,113
189,The Help,2011,8.1,62.0,406238,169.71,146
190,Nightcrawler,2014,7.9,76.0,429815,32.38,117
191,"The Good, the Bad and the Ugly",1966,8.8,90.0,651704,6.1,178
192,Zombieland,2009,7.6,73.0,496261,75.59,88
193,Once Upon a Time in America,1984,8.4,,291755,5.32,229
194,Spotlight,2015,8.1,93.0,388727,45.06,129
195,Ratatouille,2007,8.0,96.0,606540,206.45,111
196,Aliens,1986,8.3,84.0,623462,85.16,137
197,Full Metal Jacket,1987,8.3,76.0,638154,46.36,116
198,The Exorcist,1973,8.0,81.0,346399,232.91,122
199,Tangled,2010,7.7,71.0,383911,200.82,100
200,Office Space,1999,7.7,68.0,233213,10.82,89
201,Donnie Darko,2001,8.0,88.0,715348,1.48,113
202,Sicario,2015,7.6,82.0,346834,46.89,121
203,Back to the Future Part II,1989,7.8,57.0,449181,118.5,108
204,Inside Out,2015,8.2,94.0,569303,356.46,95
205,Birdman or (The Unexpected Virtue of Ignorance),2014,7.7,87.0,547050,42.34,119
206,Drive,2011,7.8,78.0,542954,35.06,100
207,Gone with the Wind,1939,8.1,97.0,274137,198.68,238
208,12 Years a Slave,2013,8.1,96.0,603796,56.67,134
209,Sin City,2005,8.0,74.0,726168,74.1,124
210,Boogie Nights,1997,7.9,85.0,227366,26.4,155
211,A Few Good Men,1992,7.7,62.0,222531,141.34,138
212,Lion,2016,8.0,69.0,194317,51.74,118
213,The Truman Show,1998,8.1,90.0,877153,125.62,103
214,Captain America: Civil War,2016,7.8,75.0,622753,408.08,147
215,The Perks of Being a Wallflower,2012,8.0,67.0,436010,17.74,103
216,About Time,2013,7.8,55.0,279730,15.32,123
217,Your Name.,2016,8.4,79.0,159421,5.02,106
218,Moneyball,2011,7.6,87.0,341173,75.61,133
219,Jaws,1975,8.0,87.0,523842,260.0,124
220,My Neighbor Totoro,1988,8.2,86.0,258444,1.11,86
221,Mulholland Drive,2001,8.0,83.0,301728,7.22,147
222,Star Wars: Episode VII - The Force Awakens,2015,7.9,81.0,828015,936.66,138
223,Nausicaä of the Valley of the Wind,1984,8.1,86.0,135308,0.5,117
224,The Wizard of Oz,1939,8.0,100.0,360856,2.08,102
225,Ghostbusters,1984,7.8,71.0,338553,238.63,105
226,Harry Potter and the Half-Blood Prince,2009,7.6,78.0,440528,301.96,153
227,Brokeback Mountain,2005,7.7,87.0,309632,83.04,134
228,Hot Fuzz,2007,7.8,81.0,441770,23.64,121
229,Mystic River,2003,7.9,84.0,400621,90.14,138
230,The Sandlot,1993,7.8,55.0,74572,32.42,101
231,Casablanca,1942,8.5,100.0,495291,1.02,102
232,Atonement,2007,7.8,85.0,236420,50.93,123
233,Mary Poppins,1964,7.8,88.0,149961,102.27,139
234,The Town,2010,7.5,74.0,333834,92.19,125
235,Unforgiven,1992,8.2,85.0,355581,101.16,130
236,Fargo,1996,8.1,85.0,583875,24.61,98
237,Once Upon a Time in the West,1968,8.5,80.0,284804,5.32,165
238,Up,2009,8.2,88.0,885120,293.0,96
239,Pan's Labyrinth,2006,8.2,98.0,591904,37.63,118
240,The Thing,1982,8.1,57.0,348477,13.78,109
241,Argo,2012,7.7,86.0,551519,136.03,120
242,Paths of Glory,1957,8.4,,165377,,88
243,City of God,2002,8.6,79.0,668554,7.56,130
244,Roma,2018,7.7,96.0,124651,,135
245,Superbad,2007,7.6,76.0,499954,121.46,113
246,Indiana Jones and the Last Crusade,1989,8.2,65.0,659081,197.17,127
247,The Hobbit: The Desolation of Smaug,2013,7.8,66.0,580668,258.37,161
248,The Fifth Element,1997,7.7,52.0,416183,63.54,126
249,The Last Samurai,2003,7.7,55.0,381739,111.11,154
250,Lost in Translation,2003,7.7,89.0,389742,44.59,102
251,The Fighter,2010,7.8,79.0,326101,93.62,116
252,Captain Fantastic,2016,7.9,72.0,171376,5.88,118
253,The Intouchables,2011,8.5,57.0,712117,13.18,112
254,The Impossible,2012,7.6,73.0,186486,19.02,114
255,Star Wars: Episode VI - Return of the Jedi,1983,8.3,58.0,904546,309.13,131
256,Howl's Moving Castle,2004,8.2,80.0,298022,4.71,119
257,The Imitation Game,2014,8.0,73.0,646041,91.13,114
258,Captain America: The Winter Soldier,2014,7.7,70.0,699924,259.77,136
259,Capernaum,2018,8.4,75.0,39369,1.66,126
260,E.T. the Extra-Terrestrial,1982,7.8,91.0,352045,435.11,115
261,Shaun of the Dead,2004,7.9,76.0,488710,13.54,99
262,Stardust,2007,7.6,66.0,245023,38.63,127
263,Deliverance,1972,7.7,82.0,94224,,109
264,Groundhog Day,1993,8.0,72.0,557162,70.91,101
265,Platoon,1986,8.1,92.0,364206,138.53,120
266,Apocalypto,2006,7.8,68.0,277973,50.87,139
267,Almost Famous,2000,7.9,90.0,241623,32.53,122
268,The Sixth Sense,1999,8.1,64.0,873125,293.51,107
269,Trainspotting,1996,8.1,83.0,609564,16.5,93
270,"Monsters, Inc.",2001,8.0,79.0,773587,289.92,92
271,Star Wars: Episode V - The Empire Strikes Back,1980,8.7,82.0,1103198,290.48,124
272,The Incredibles,2004,8.0,90.0,627785,261.44,115
273,Incredibles 2,2018,7.6,80.0,226743,608.58,118
274,Casino,1995,8.2,73.0,435987,42.44,178
275,Isle of Dogs,2018,7.9,82.0,123611,32.02,101
276,V for Vendetta,2005,8.2,62.0,983580,70.51,132
277,Ocean's Eleven,2001,7.8,74.0,489800,183.42,116
278,Sherlock Holmes,2009,7.6,57.0,563080,209.03,128
279,Hell or High Water,2016,7.6,88.0,188793,26.86,102
280,Die Hard,1988,8.2,72.0,750304,83.01,132
281,Wind River,2017,7.7,73.0,185090,33.8,107
282,Finding Nemo,2003,8.1,90.0,904296,380.84,100
283,Lawrence of Arabia,1962,8.3,100.0,253209,44.82,228
284,The Hunt for Red October,1990,7.6,58.0,170017,122.01,135
285,Willy Wonka & the Chocolate Factory,1971,7.8,67.0,168530,4.53,100
286,Harry Potter and the Deathly Hallows: Part 1,2010,7.7,65.0,446447,295.98,146
287,Sense and Sensibility,1995,7.6,84.0,96348,43.18,136
288,Serpico,1973,7.7,87.0,101837,29.8,130
289,Toy Story 3,2010,8.3,92.0,720052,415.0,103
290,Indiana Jones and the Temple of Doom,1984,7.6,57.0,424147,179.87,118
291,Black Hawk Down,2001,7.7,74.0,350532,108.64,144
292,Silver Linings Playbook,2012,7.7,81.0,637652,132.09,122
293,Cast Away,2000,7.8,73.0,492705,233.63,143
294,Training Day,2001,7.7,69.0,369371,76.63,122
295,Moonrise Kingdom,2012,7.8,84.0,302615,45.51,94
296,Tombstone,1993,7.8,50.0,119406,56.51,130
297,Dead Poets Society,1989,8.1,79.0,392980,95.86,128
298,Blow,2001,7.6,52.0,230873,52.99,124
299,Star Trek Into Darkness,2013,7.7,72.0,453350,228.78,132
300,WALL·E,2008,8.4,95.0,947469,223.81,98
301,Aladdin,1992,8.0,86.0,348322,217.35,90
302,Dallas Buyers Club,2013,8.0,84.0,417788,27.3,117
303,Predator,1987,7.8,45.0,356646,59.74,107
304,The Warriors,1979,7.6,65.0,88870,22.49,92
305,The Hunt,2012,8.3,77.0,257298,0.69,115
306,Minority Report,2002,7.6,80.0,485000,132.07,145
307,Seven Samurai,1954,8.6,98.0,297541,0.27,207
308,Kill Bill: Vol. 2,2004,8.0,83.0,648465,66.21,137
309,Remember the Titans,2000,7.8,48.0,189568,115.65,113
310,Rosemary's Baby,1968,8.0,96.0,180288,,137
311,What's Eating Gilbert Grape,1993,7.8,73.0,204324,9.17,118
312,The Machinist,2004,7.7,61.0,341313,1.08,101
313,The Deer Hunter,1978,8.1,86.0,295438,48.98,183
314,The Hurt Locker,2008,7.6,95.0,405102,17.02,131
315,Midnight in Paris,2011,7.7,81.0,368287,56.82,94
316,Y Tu Mamá También,2001,7.6,88.0,110447,13.62,106
317,The Crow,1994,7.6,71.0,160088,50.69,102
318,Amélie,2001,8.3,69.0,674279,33.23,122
319,First Blood,1982,7.7,61.0,215173,47.21,93
320,The Lives of Others,2006,8.4,89.0,337979,11.29,137
321,The Godfather: Part III,1990,7.6,60.0,338425,66.67,162
322,North by Northwest,1959,8.3,98.0,282935,13.28,136
323,Match Point,2005,7.6,72.0,197564,23.09,124
324,The Boy in the Striped Pajamas,2008,7.8,55.0,179417,9.03,94
325,Shrek,2001,7.8,84.0,585740,267.67,90
326,Airplane!,1980,7.7,78.0,198721,83.4,88
327,Captain Phillips,2013,7.8,83.0,401068,107.1,134
328,Rear Window,1954,8.4,100.0,417705,36.76,112
329,Big Fish,2003,8.0,58.0,399686,66.26,125
330,Ordinary People,1980,7.7,87.0,44113,54.8,124
331,Amadeus,1984,8.3,88.0,351020,51.97,160
332,The Little Mermaid,1989,7.6,88.0,224616,111.54,83
333,Chinatown,1974,8.2,92.0,277185,29.2,130
334,Crash,2004,7.8,69.0,408634,54.58,112
335,Children of Men,2006,7.9,84.0,442351,35.55,109
336,Klaus,2019,8.2,65.0,59757,,96
337,Taken,2008,7.8,51.0,549573,145.0,90
338,Downfall,2004,8.2,82.0,316270,5.51,156
339,X-Men: Days of Future Past,2014,8.0,75.0,639470,233.92,132
340,My Fair Lady,1964,7.8,95.0,82635,72.0,170
341,True Grit,2010,7.6,80.0,295025,171.24,110
342,Big Hero 6,2014,7.8,74.0,389538,222.53,102
343,X-Men: First Class,2011,7.7,65.0,626742,146.41,131
344,Blue Velvet,1986,7.8,76.0,169915,8.55,120
345,Breakfast at Tiffany's,1961,7.7,76.0,157006,,115
346,Magnolia,1999,8.0,77.0,278053,22.46,188
347,Inside Man,2006,7.6,76.0,322756,88.51,129
348,Serenity,2005,7.8,74.0,276013,25.51,119
349,End of Watch,2012,7.6,68.0,218988,41.0,109
350,The King's Speech,2010,8.0,88.0,613824,138.8,118
351,Kick-Ass,2010,7.6,66.0,510323,48.07,117
352,Primal Fear,1996,7.7,47.0,172455,56.12,129
353,Gravity,2013,7.7,96.0,737424,274.09,91
354,Beauty and the Beast,1991,8.0,95.0,402898,218.97,84
355,District 9,2009,7.9,81.0,619738,115.65,112
356,Dirty Harry,1971,7.7,90.0,136553,35.9,102
357,Escape from Alcatraz,1979,7.6,76.0,109712,43.0,112
358,Laura,1944,8.0,,40242,4.36,88
359,Grave of the Fireflies,1988,8.5,,212441,,89
360,Slumdog Millionaire,2008,8.0,86.0,768924,141.32,120
361,Million Dollar Baby,2004,8.1,86.0,606579,100.49,132
362,Boyz n the Hood,1991,7.7,76.0,117288,57.5,112
363,Hunt for the Wilderpeople,2016,7.9,81.0,96621,5.2,101
364,Raging Bull,1980,8.2,89.0,303385,23.38,129
365,Monty Python and the Holy Grail,1975,8.2,93.0,479348,1.23,91
366,Edward Scissorhands,1990,7.9,74.0,428023,56.36,105
367,Butch Cassidy and the Sundance Kid,1969,8.0,66.0,194269,102.31,110
368,Blood Diamond,2006,8.0,64.0,477308,57.37,143
369,Misery,1990,7.8,75.0,172784,61.28,107
370,In Bruges,2008,7.9,67.0,374985,7.76,107
371,Little Miss Sunshine,2006,7.8,80.0,421922,59.89,101
372,Mother,2009,7.8,79.0,43296,0.55,129
373,Dances with Wolves,1990,8.0,72.0,229005,184.21,181
374,The Fault in Our Stars,2014,7.7,69.0,327296,124.87,126
375,Moon,2009,7.9,67.0,321798,5.01,97
376,Close Encounters of the Third Kind,1977,7.6,90.0,174203,132.09,138
377,The Theory of Everything,2014,7.7,72.0,377637,35.89,123
378,Castle in the Sky,1986,8.0,78.0,137191,,125
379,Rocky,1976,8.1,70.0,492362,117.24,120
380,American Gangster,2007,7.8,76.0,376896,130.16,157
381,Akira,1988,8.0,,151622,0.55,124
382,Stalker,1979,8.2,,105088,0.23,162
383,Boyhood,2014,7.9,100.0,324262,25.38,165
384,The Last of the Mohicans,1992,7.7,76.0,141360,75.51,112
385,The Secret World of Arrietty,2010,7.6,80.0,71982,19.2,94
386,The Pursuit of Happyness,2006,8.0,64.0,422129,163.57,117
387,8½,1963,8.0,,102847,0.05,138
388,3:10 to Yuma,2007,7.7,76.0,277518,53.61,122
389,Bridge of Spies,2015,7.6,81.0,273275,72.31,142
390,Vertigo,1958,8.3,100.0,337772,3.2,128
391,Das Boot,1981,8.3,86.0,219544,11.49,149
392,The Butterfly Effect,2004,7.6,30.0,434473,57.94,113
393,The Reader,2008,7.6,58.0,223131,34.19,124
394,Straight Outta Compton,2015,7.9,72.0,171265,161.2,147
395,3 Idiots,2009,8.4,67.0,317347,6.53,170
396,As Good as It Gets,1997,7.7,67.0,262797,148.48,139
397,Who Framed Roger Rabbit,1988,7.7,83.0,174136,156.45,104
398,Dr. Strangelove or: How I Learned to Stop Worrying and Love the Bomb,1964,8.4,97.0,429656,0.28,95
399,Ran,1985,8.2,96.0,104111,3.52,162
400,The Royal Tenenbaums,2001,7.6,76.0,254109,52.36,110
401,To Kill a Mockingbird,1962,8.2,88.0,281978,,129
402,Walk the Line,2005,7.8,72.0,223843,119.52,136
403,Before Sunrise,1995,8.1,77.0,250408,5.54,101
404,Incendies,2010,8.3,80.0,133153,6.86,131
405,Toy Story 2,1999,7.9,88.0,500294,245.85,92
406,Seven Pounds,2008,7.6,36.0,276484,69.95,123
407,The Count of Monte Cristo,2002,7.8,61.0,123919,54.23,131
408,What Ever Happened to Baby Jane?,1962,8.1,75.0,47216,4.05,134
409,I Saw the Devil,2010,7.8,67.0,100342,0.13,144
410,Gone Baby Gone,2007,7.6,72.0,240515,20.3,114
411,This Is Spinal Tap,1984,7.9,92.0,123739,0.19,82
412,The Florida Project,2017,7.6,92.0,81077,5.9,111
413,"O Brother, Where Art Thou?",2000,7.7,69.0,272681,45.51,107
414,The Bourne Identity,2002,7.9,68.0,488142,121.66,119
415,Only the Brave,2017,7.7,72.0,51646,18.34,134
416,The Blues Brothers,1980,7.9,60.0,173378,57.23,133
417,Citizen Kane,1941,8.3,100.0,377646,1.59,119
418,Interview with the Vampire: The Vampire Chronicles,1994,7.6,59.0,283169,105.26,123
419,Lethal Weapon,1987,7.6,68.0,226697,65.21,109
420,Donnie Brasco,1997,7.7,76.0,263103,41.91,127
421,The Fly,1986,7.5,79.0,151032,40.46,96
422,Wreck-It Ralph,2012,7.7,72.0,361668,189.42,101
423,Searching,2018,7.6,71.0,119846,26.02,102
424,Rain Man,1988,8.0,65.0,454750,178.8,133
425,The Game,1997,7.8,61.0,326843,48.32,129
426,Kiki's Delivery Service,1989,7.9,83.0,108194,,103
427,Road to Perdition,2002,7.7,72.0,235072,104.45,117
428,Do the Right Thing,1989,7.9,92.0,79282,27.55,120
429,The Great Escape,1963,8.2,87.0,212971,12.1,172
430,Wild Tales,2014,8.1,77.0,160940,3.11,122
431,Fantastic Mr. Fox,2009,7.8,83.0,185215,21.0,87
432,Some Like It Hot,1959,8.2,98.0,230522,25.0,121
433,Brazil,1985,7.9,88.0,180244,9.93,132
434,Midnight Cowboy,1969,7.8,79.0,95281,44.79,113
435,Dawn of the Planet of the Apes,2014,7.6,79.0,399986,208.55,130
436,The Untouchables,1987,7.9,79.0,265307,76.27,119
437,Halloween,1978,7.8,81.0,216757,47.0,91
438,Gattaca,1997,7.8,64.0,269324,12.34,106
439,Apollo 13,1995,7.6,77.0,254922,173.84,140
440,Life of Pi,2012,7.9,79.0,555362,124.99,127
441,500 Days of Summer,2009,7.7,76.0,454182,32.39,95
442,Strangers on a Train,1951,8.0,88.0,117790,7.63,101
443,The Thin Red Line,1998,7.6,78.0,165297,36.4,170
444,Falling Down,1993,7.6,56.0,161576,40.9,113
445,My Cousin Vinny,1992,7.6,68.0,100594,52.93,120
446,Kung Fu Panda,2008,7.5,73.0,398253,215.43,92
447,The Naked Gun: From the Files of Police Squad!,1988,7.6,76.0,142378,78.76,85
448,Shoplifters,2018,8.0,93.0,47427,3.31,121
449,Dangal,2016,8.4,,136514,12.39,161
450,Coraline,2009,7.7,80.0,185148,75.29,100
451,It's a Wonderful Life,1946,8.6,89.0,377136,,130
452,Man on Fire,2004,7.7,47.0,316746,77.91,146
453,Empire of the Sun,1987,7.8,62.0,109635,22.24,153
454,Fear and Loathing in Las Vegas,1998,7.6,41.0,249357,10.68,118
455,The Others,2001,7.6,74.0,323218,96.52,104
456,The Fugitive,1993,7.8,87.0,254320,183.88,130
457,Traffic,2000,7.6,86.0,189878,124.12,147
458,The Skin I Live In,2011,7.6,70.0,129731,3.19,120
459,Blazing Saddles,1974,7.7,73.0,119937,119.5,93
460,When Harry Met Sally...,1989,7.6,76.0,184653,92.82,95
461,Lost Highway,1997,7.6,52.0,123406,3.8,134
462,Mad Max 2: The Road Warrior,1981,7.6,77.0,159478,12.47,96
463,127 Hours,2010,7.6,82.0,334452,18.34,94
464,The Tale of The Princess Kaguya,2013,8.0,89.0,31643,1.51,137
465,Philadelphia,1993,7.7,66.0,213461,77.32,125
466,The Boondock Saints,1999,7.8,44.0,221403,0.03,108
467,Scent of a Woman,1992,8.0,59.0,243354,63.9,156
468,The Jungle Book,1967,7.6,65.0,157685,141.84,78
469,Dog Day Afternoon,1975,8.0,86.0,225010,50.0,125
470,Gran Torino,2008,8.1,72.0,691289,148.1,116
471,Enemy at the Gates,2001,7.6,53.0,232319,51.4,131
472,Sleepers,1996,7.6,49.0,180101,49.1,147
473,Mr. Nobody,2009,7.8,63.0,205170,0.0,141
474,The Abyss,1989,7.6,62.0,156136,54.46,171
475,Billy Elliot,2000,7.7,74.0,120365,22.0,110
476,The Body,2012,7.6,,49441,,108
477,High Noon,1952,7.9,89.0,93347,9.45,85
478,The Longest Day,1962,7.8,75.0,50424,39.1,178
479,Metropolis,1927,8.3,98.0,151015,1.24,153
480,The Elephant Man,1980,8.1,77.0,207688,,124
481,The Secret in Their Eyes,2009,8.2,80.0,180501,6.39,129
482,Battle Royale,2000,7.6,81.0,163068,,114
483,A Fistful of Dollars,1964,8.0,65.0,185716,14.5,99
484,Being John Malkovich,1999,7.7,90.0,296458,22.86,113
485,Ben-Hur,1959,8.1,90.0,208769,74.7,212
486,Guess Who's Coming to Dinner,1967,7.8,63.0,36692,56.7,108
487,In the Mood for Love,2000,8.1,85.0,112828,2.73,98
488,"Blood In, Blood Out",1993,8.0,47.0,27519,4.5,180
489,Annie Hall,1977,8.0,92.0,242828,39.2,93
490,Sophie's Choice,1982,7.6,68.0,38984,30.04,150
491,Barry Lyndon,1975,8.1,89.0,139236,,185
492,Dogville,2003,8.0,60.0,131060,1.53,178
493,How to Train Your Dragon,2010,8.1,75.0,634932,217.58,98
494,The Girl with the Dragon Tattoo,2009,7.8,76.0,202663,10.1,152
495,Rebel Without a Cause,1955,7.7,87.0,79162,,111
496,Sunset Blvd.,1950,8.4,,188251,,110
497,Ip Man,2008,8.0,59.0,202255,,106
498,The Outlaw Josey Wales,1976,7.9,69.0,62342,31.8,135
499,A Bronx Tale,1993,7.8,80.0,121376,17.27,121
500,Cinema Paradiso,1988,8.5,80.0,212888,11.99,155
501,Porco Rosso,1992,7.8,83.0,67764,,94
502,Planet of the Apes,1968,8.0,79.0,159763,33.4,112
503,The Birds,1963,7.7,88.0,161624,11.4,119
504,The Holy Mountain,1973,7.9,,33675,0.06,114
505,Despicable Me,2010,7.6,72.0,480382,251.51,95
506,The Illusionist,2006,7.6,68.0,344270,39.87,110
507,The Lego Movie,2014,7.8,83.0,313769,257.76,100
508,Singin' in the Rain,1952,8.3,99.0,206218,8.82,103
509,"Planes, Trains & Automobiles",1987,7.6,72.0,115930,49.53,93
510,Andhadhun,2018,8.3,,56413,1.37,139
511,"Crouching Tiger, Hidden Dragon",2000,7.8,94.0,245429,128.08,120
512,Young Frankenstein,1974,8.0,80.0,137195,86.3,106
513,The Bourne Ultimatum,2007,8.0,85.0,589469,227.47,115
514,Witness for the Prosecution,1957,8.4,,98883,8.18,116
515,The Ten Commandments,1956,7.8,,59457,93.74,220
516,Sling Blade,1996,8.0,84.0,84132,24.48,135
517,Out of the Past,1947,8.0,,30494,,97
518,Snow White and the Seven Dwarfs,1937,7.6,95.0,171959,184.93,83
519,The Conversation,1974,7.8,85.0,91002,4.42,113
520,Kramer vs. Kramer,1979,7.8,77.0,124549,106.26,105
521,Monty Python's Life of Brian,1979,8.1,77.0,348880,20.05,94
522,The Last Picture Show,1971,8.0,93.0,39433,29.13,118
523,Robin Hood,1973,7.6,57.0,108991,32.06,83
524,Kung Fu Hustle,2004,7.7,78.0,121137,17.11,99
525,The Seventh Seal,1957,8.2,,150941,,96
526,I Am Sam,2001,7.6,28.0,138751,40.31,132
527,M,1931,8.3,,134324,0.03,99
528,King Kong,1933,7.9,90.0,75884,10.0,100
529,Eastern Promises,2007,7.6,82.0,219533,17.11,100
530,Bonnie and Clyde,1967,7.8,86.0,97710,,111
531,Shane,1953,7.6,80.0,34973,20.0,118
532,Ponyo,2008,7.7,86.0,112389,15.09,101
533,Perfect Blue,1997,8.0,,49113,0.78,81
534,Creed,2015,7.6,82.0,235525,109.77,133
535,Mississippi Burning,1988,7.8,65.0,82430,34.6,128
536,The Bourne Supremacy,2004,7.7,73.0,418243,176.24,108
537,A Separation,2011,8.3,95.0,206825,7.1,123
538,Solaris,1972,8.1,90.0,74225,,167
539,Badlands,1973,7.8,93.0,61328,,94
540,Lord of War,2005,7.6,62.0,284671,24.15,122
541,The Dirty Dozen,1967,7.8,73.0,63891,45.3,150
542,Cold War,2018,7.6,90.0,41445,4.57,89
543,In the Heat of the Night,1967,8.0,75.0,63366,24.38,110
544,Cool Hand Luke,1967,8.1,91.0,154195,16.22,127
545,Rise of the Planet of the Apes,2011,7.6,68.0,483275,176.76,105
546,Dark City,1998,7.6,66.0,181485,14.38,100
547,Star Trek II: The Wrath of Khan,1982,7.7,67.0,108326,78.91,113
548,The Man from Earth,2007,7.9,,165576,,87
549,The Artist,2011,7.9,89.0,222551,44.67,100
550,The Color Purple,1985,7.8,78.0,73980,98.47,154
551,Die Hard with a Vengeance,1995,7.6,58.0,350600,100.01,128
552,Doctor Zhivago,1965,8.0,69.0,66588,111.72,197
553,Fried Green Tomatoes,1991,7.7,64.0,63559,82.42,130
554,The Raid: Redemption,2011,7.6,73.0,181849,4.11,101
555,La Haine,1995,8.1,,137693,0.31,98
556,The Sting,1973,8.3,83.0,229318,159.6,129
557,Dawn of the Dead,1978,7.9,71.0,106722,5.1,127
558,A Streetcar Named Desire,1951,8.0,97.0,94530,8.0,122
559,Carlito's Way,1993,7.9,65.0,191338,36.95,144
560,Ghost in the Shell,1995,8.0,76.0,121092,0.52,83
561,The Man Who Shot Liberty Valance,1962,8.1,94.0,65042,,123
562,National Lampoon's Christmas Vacation,1989,7.6,49.0,146442,71.32,97
563,Midnight Express,1978,7.6,59.0,68902,35.0,121
564,Hachi: A Dog's Tale,2009,8.1,,235916,,93
565,JFK,1991,8.0,72.0,134961,70.41,189
566,"Paris, Texas",1984,8.1,78.0,80444,2.18,145
567,50/50,2011,7.6,72.0,307140,35.01,100
568,The Bridges of Madison County,1995,7.6,66.0,68362,71.52,135
569,Adaptation.,2002,7.7,83.0,169722,22.25,115
570,A Silent Voice: The Movie,2016,8.2,78.0,34098,,130
571,Enter the Dragon,1973,7.7,83.0,91924,25.0,102
572,Before Sunset,2004,8.0,90.0,218844,5.82,80
573,Malcolm X,1992,7.7,72.0,78811,48.17,202
574,Papillon,1973,8.0,58.0,116465,53.27,151
575,Dangerous Liaisons,1988,7.6,74.0,61714,34.7,119
576,The Apartment,1960,8.3,94.0,152321,18.6,125
577,Ray,2004,7.7,73.0,132190,75.33,152
578,Nosferatu,1922,7.9,,84182,,94
579,Harakiri,1962,8.7,85.0,30858,,133
580,The Killing Fields,1984,7.8,76.0,49122,34.7,141
581,After Hours,1985,7.7,90.0,53527,10.6,97
582,The Cabinet of Dr. Caligari,1920,8.1,,53021,,67
583,Paddington 2,2017,7.8,88.0,54004,40.44,103
584,Days of Heaven,1978,7.9,93.0,48463,,94
585,Gandhi,1982,8.0,79.0,211671,52.77,191
586,The Name of the Rose,1986,7.7,54.0,97164,7.15,130
587,Changeling,2008,7.7,63.0,228234,35.74,141
588,The King of Comedy,1982,7.8,73.0,78875,2.5,109
589,Rushmore,1998,7.7,86.0,161912,17.11,93
590,Let the Right One In,2008,7.9,82.0,199433,2.12,114
591,Paper Moon,1973,8.0,77.0,39556,30.93,102
592,Lucky Number Slevin,2006,7.7,53.0,292920,22.49,110
593,Cinderella Man,2005,8.0,69.0,170225,61.65,144
594,The Nightmare Before Christmas,1993,8.0,82.0,279346,75.08,76
595,Giant,1956,7.6,84.0,32310,35.0,201
596,The Great Beauty,2013,7.8,86.0,75716,2.85,141
597,The Wrestler,2008,7.9,81.0,282325,26.24,109
598,The Tenant,1976,7.7,,36484,1.92,126
599,Sing Street,2016,7.9,79.0,79381,3.24,106
600,Manhattan,1979,7.9,83.0,125667,45.7,96
601,Network,1976,8.1,83.0,137141,,121
602,For a Few Dollars More,1965,8.3,74.0,217669,15.0,132
603,The Bridge on the River Kwai,1957,8.1,87.0,193090,44.91,161
604,Before Midnight,2013,7.9,94.0,129842,8.11,109
605,Night of the Living Dead,1968,7.9,89.0,109853,0.09,96
606,The Insider,1999,7.8,84.0,153790,28.97,157
607,The Searchers,1956,7.9,94.0,75920,,119
608,"Synecdoche, New York",2008,7.6,67.0,76312,3.08,124
609,Naked,1993,7.8,84.0,31796,1.77,132
610,Rebecca,1940,8.1,86.0,115242,4.36,130
611,The Fall,2006,7.9,64.0,103819,2.28,117
612,The Best Offer,2013,7.8,49.0,100736,0.09,131
613,Hotel Rwanda,2004,8.1,79.0,322303,23.53,121
614,Gully Boy,2019,8.2,65.0,25059,5.57,153
615,On the Waterfront,1954,8.1,91.0,133927,9.6,108
616,Clerks,1994,7.7,70.0,206247,3.15,92
617,The Remains of the Day,1993,7.8,84.0,61023,22.95,134
618,The Mirror,1975,8.1,,35332,,107
619,Fiddler on the Roof,1971,8.0,67.0,36813,80.5,181
620,La Dolce Vita,1960,8.0,95.0,61814,19.52,174
621,Cabaret,1972,7.8,80.0,45704,42.77,124
622,Hero,2002,7.9,85.0,169499,53.71,107
623,Finding Neverland,2004,7.7,67.0,193853,51.68,106
624,Awakenings,1990,7.8,74.0,116712,52.1,121
625,In the Name of the Father,1993,8.1,84.0,147377,25.01,133
626,The French Connection,1971,7.7,94.0,103643,,104
627,Glory,1989,7.8,78.0,115869,26.83,122
628,The Wild Bunch,1969,7.9,97.0,74356,12.06,135
629,The Iron Giant,1999,8.0,85.0,163635,23.16,86
630,This Is England,2006,7.7,86.0,112297,0.33,101
631,Happiness,1998,7.7,81.0,64075,2.81,134
632,A Little Princess,1995,7.7,83.0,30570,10.02,97
633,Frankenstein,1931,7.8,91.0,61409,,70
634,Rope,1948,8.0,73.0,120565,,80
635,Flipped,2010,7.7,45.0,77451,1.75,90
636,Blood Simple,1984,7.6,81.0,82521,2.15,99
637,Evil Dead II,1987,7.8,69.0,141276,5.92,84
638,Beasts of No Nation,2015,7.7,79.0,67872,0.08,137
639,All Quiet on the Western Front,1930,8.0,91.0,55043,3.27,136
640,Double Indemnity,1944,8.3,95.0,134449,5.72,107
641,Amores Perros,2000,8.1,83.0,213277,5.38,154
642,Ed Wood,1994,7.8,70.0,160570,5.89,127
643,PK,2014,8.1,,147914,10.62,153
644,Like Stars on Earth,2007,8.4,,152434,1.22,165
645,Breathless,1960,7.9,,67924,0.34,90
646,Mommy,2014,8.1,74.0,45849,3.49,139
647,Gangs of Wasseypur,2012,8.2,89.0,73400,,321
648,Glengarry Glen Ross,1992,7.7,80.0,91337,10.73,100
649,The Last Emperor,1987,7.7,76.0,88586,43.98,163
650,All the President's Men,1976,8.0,80.0,96570,70.6,138
651,Stranger Than Fiction,2006,7.6,67.0,211926,40.14,113
652,Freaks,1932,7.9,80.0,40005,,64
653,Funny Games,1997,7.6,69.0,59760,,108
654,Short Term 12,2013,8.0,82.0,76831,1.01,96
655,All That Jazz,1979,7.9,72.0,25792,37.82,123
656,The Quiet Man,1952,7.8,,32846,10.55,129
657,The Raid 2,2014,8.0,71.0,108537,2.63,150
658,Lady Vengeance,2005,7.6,75.0,67402,0.21,115
659,Pride,2014,7.8,79.0,48712,,119
660,Where Eagles Dare,1968,7.7,63.0,49186,,158
661,Winter Sleep,2014,8.2,88.0,40331,0.17,196
662,The Last King of Scotland,2006,7.7,74.0,169657,17.61,123
663,The Right Stuff,1983,7.8,91.0,53879,21.5,193
664,21 Grams,2003,7.7,70.0,217399,16.25,124
665,Hamlet,1996,7.7,,34949,4.41,242
666,East of Eden,1955,7.9,72.0,38225,,118
667,Roman Holiday,1953,8.0,78.0,121200,,118
668,Andrei Rublev,1966,8.2,,42003,0.1,205
669,Diabolique,1955,8.0,,58812,,117
670,Chungking Express,1994,8.1,77.0,56470,0.6,102
671,Watership Down,1978,7.6,64.0,32160,,91
672,Pink Floyd: The Wall,1982,8.0,47.0,72832,22.24,95
673,Blow-Up,1966,7.6,82.0,52953,,111
674,Baahubali,2015,8.1,,96919,6.74,159
675,Dancer in the Dark,2000,8.0,61.0,97214,4.18,140
676,Cat on a Hot Tin Roof,1958,8.0,80.0,42458,17.57,108
677,The Man from Nowhere,2010,7.8,,58107,0.01,119
678,Loving Vincent,2017,7.8,62.0,44777,6.74,94
679,The Chaser,2008,7.9,64.0,53043,,125
680,Thank You for Smoking,2005,7.6,71.0,208870,24.79,92
681,Hedwig and the Angry Inch,2001,7.7,85.0,30610,3.03,95
682,Stagecoach,1939,7.9,93.0,40280,,96
683,How to Train Your Dragon 2,2014,7.8,76.0,291175,177.0,102
684,All About My Mother,1999,7.8,87.0,84189,8.26,101
685,The Wind Rises,2013,7.8,83.0,64711,5.21,126
686,Rashomon,1950,8.2,98.0,142234,0.1,88
687,Modern Times,1936,8.5,96.0,202454,0.16,87
688,Persona,1966,8.1,86.0,92796,,83
689,Victoria,2015,7.7,77.0,47727,,138
690,Kubo and the Two Strings,2016,7.8,84.0,111362,48.02,101
691,Me and Earl and the Dying Girl,2015,7.7,74.0,117105,6.74,105
692,All About Eve,1950,8.2,98.0,113997,0.01,138
693,The Great Dictator,1940,8.4,,190219,,125
694,Letters from Iwo Jima,2006,7.9,89.0,149326,13.76,141
695,Repulsion,1965,7.7,91.0,45825,,105
696,The Third Man,1949,8.1,97.0,150832,0.45,93
697,My Left Foot,1989,7.9,97.0,63694,14.74,103
698,Dial M for Murder,1954,8.2,75.0,146944,0.01,105
699,Land of Mine,2015,7.8,75.0,31113,0.44,100
700,The Manchurian Candidate,1962,7.9,94.0,69044,,126
701,Chaplin,1992,7.6,47.0,51230,9.49,143
702,Sabrina,1954,7.7,72.0,55713,,113
703,Nebraska,2013,7.7,86.0,108275,17.65,115
704,Fantasia,1940,7.8,96.0,84463,76.41,125
705,October Sky,1999,7.8,71.0,77901,32.48,108
706,The Maltese Falcon,1941,8.0,96.0,144023,2.11,100
707,The Thin Man,1934,8.0,,25092,,91
708,Dead Man,1995,7.6,62.0,86455,1.04,121
709,Mary and Max,2009,8.1,,156488,,92
710,"I, Daniel Blake",2016,7.9,78.0,47910,0.26,100
711,Wings of Desire,1987,8.0,79.0,60561,3.33,128
712,Miller's Crossing,1990,7.8,66.0,121281,5.08,115
713,La Vie En Rose,2007,7.6,66.0,79591,10.3,140
714,Breaking the Waves,1996,7.9,76.0,59390,4.04,159
715,Harold and Maude,1971,7.9,62.0,67617,,91
716,Sympathy for Mr. Vengeance,2002,7.6,56.0,58573,0.05,129
717,Amour,2012,7.9,94.0,88221,6.74,127
718,The Red Shoes,1948,8.2,,27831,10.9,135
719,The Muppet Movie,1979,7.6,74.0,30798,76.66,95
720,Charade,1963,7.9,83.0,63207,13.47,113
721,The Best Years of Our Lives,1946,8.0,92.0,54989,23.65,170
722,Barton Fink,1991,7.7,69.0,107784,6.15,116
723,The Secret of NIMH,1982,7.6,76.0,34523,10.14,82
724,Run Lola Run,1998,7.6,77.0,182741,7.27,80
725,Gettysburg,1993,7.6,,25126,10.77,271
726,Ninja Scroll,1993,7.9,,32873,,94
727,Rio Bravo,1959,8.0,,52986,12.54,141
728,The Wave,2008,7.6,,98134,,107
729,The Philadelphia Story,1940,7.9,96.0,60419,,112
730,25th Hour,2002,7.6,67.0,165263,13.06,135
731,Whisper of the Heart,1995,8.0,75.0,43198,,111
732,The Killing,1956,8.0,,76801,,84
733,Being There,1979,8.0,84.0,62453,30.18,130
734,The Lion in Winter,1968,7.9,,27836,22.28,134
735,Delicatessen,1991,7.6,66.0,77230,1.79,99
736,Paprika,2006,7.7,81.0,64919,0.88,90
737,Perfect Strangers,2016,7.8,,50504,,96
738,Wait Until Dark,1967,7.8,81.0,26213,17.55,108
739,Short Cuts,1993,7.7,79.0,40657,6.11,188
740,It Happened One Night,1934,8.1,87.0,88224,4.36,105
741,Drishyam,2015,8.2,,60040,0.74,163
742,Judgment at Nuremberg,1961,8.2,60.0,64782,,179
743,The Big Sleep,1946,7.9,,75802,6.54,114
744,Dead Man's Shoes,2004,7.6,52.0,47546,0.01,90
745,The Treasure of the Sierra Madre,1948,8.2,98.0,107817,5.01,126
746,The 400 Blows,1959,8.1,,97102,,99
747,Belle de Jour,1967,7.7,,37463,0.03,100
748,The Life of David Gale,2003,7.6,31.0,104402,19.59,130
749,High and Low,1963,8.5,,26461,,143
750,Black Book,2006,7.7,71.0,70086,4.4,145
751,Kelly's Heroes,1970,7.6,50.0,43069,1.38,144
752,Detachment,2011,7.7,52.0,72285,0.07,98
753,Patton,1970,7.9,91.0,90539,61.7,172
754,Once,2007,7.8,88.0,107278,9.44,86
755,Infernal Affairs,2002,8.0,75.0,114428,0.17,101
756,Amarcord,1973,7.9,,37191,,123
757,Waking Life,2001,7.8,82.0,58621,2.89,99
758,Who's Afraid of Virginia Woolf?,1966,8.0,75.0,66205,,131
759,A Man Called Ove,2015,7.7,70.0,42454,3.36,116
760,Bicycle Thieves,1948,8.3,,135130,0.33,89
761,From Here to Eternity,1953,7.6,85.0,40865,30.5,118
762,Wild Strawberries,1957,8.2,,88448,,91
763,A Christmas Story,1983,8.0,77.0,126701,20.61,94
764,Volver,2006,7.6,84.0,90780,12.9,121
765,Sweet Smell of Success,1957,8.1,100.0,25817,,96
766,Fanny and Alexander,1982,8.1,100.0,53953,4.97,188
767,City Lights,1931,8.5,99.0,155952,0.02,87
768,Talk to Her,2002,7.9,86.0,100266,9.28,112
769,Touch of Evil,1958,8.0,99.0,94929,2.24,95
770,The Hurricane,1999,7.6,74.0,88368,50.67,146
771,Song of the Sea,2014,8.1,85.0,46966,0.86,93
772,The Night of the Hunter,1955,8.0,99.0,77670,0.65,92
773,The Wages of Fear,1953,8.1,,50684,,131
774,The African Queen,1951,7.7,91.0,68545,0.54,105
775,Philomena,2013,7.6,77.0,90964,37.71,98
776,The Grapes of Wrath,1940,8.0,96.0,83123,0.06,129
777,Neon Genesis Evangelion: The End of Evangelion,1997,8.1,,33179,,87
778,The White Ribbon,2009,7.8,82.0,65085,2.22,144
779,Notorious,1946,7.9,100.0,87807,10.46,102
780,The Diving Bell and the Butterfly,2007,8.0,92.0,100332,5.99,112
781,Yojimbo,1961,8.2,,103105,,110
782,Open Your Eyes,1997,7.8,,61251,0.37,117
783,Deep Red,1975,7.6,89.0,29313,,127
784,The Day the Earth Stood Still,1951,7.7,,74188,,92
785,Uri: The Surgical Strike,2019,8.3,,37545,4.19,138
786,Ikiru,1952,8.3,,61952,0.06,143
787,"South Park: Bigger, Longer & Uncut",1999,7.7,73.0,187056,52.01,81
788,The Producers,1967,7.6,96.0,47752,0.11,88
789,Le Samouraï,1967,8.1,,41672,0.04,101
790,Zindagi Na Milegi Dobara,2011,8.1,,62222,3.11,155
791,The Man Who Would Be King,1975,7.8,91.0,42176,,129
792,Withnail & I,1987,7.7,84.0,37973,1.54,107
793,The Straight Story,1999,8.0,86.0,77258,6.2,112
794,The Hustler,1961,8.0,90.0,72468,,134
795,Underground,1995,8.1,,52524,0.17,167
796,The Verdict,1982,7.7,77.0,33707,54.0,129
797,K.G.F: Chapter 1,2018,8.2,,28514,,156
798,The Meaning of Life,1983,7.6,,109022,14.93,107
799,Fitzcarraldo,1982,8.1,,29011,,158
800,Zulu,1964,7.7,77.0,34285,,138
801,"Spring, Summer, Fall, Winter... and Spring",2003,8.0,85.0,73375,2.38,103
802,Frost/Nixon,2008,7.7,80.0,99129,18.59,122
803,The Salesman,2016,7.8,85.0,45334,2.4,124
804,Invasion of the Body Snatchers,1956,7.7,92.0,42645,,80
805,On Golden Pond,1981,7.6,68.0,26252,119.29,109
806,A Very Long Engagement,2004,7.6,76.0,69265,6.17,133
807,Three Colors: Blue,1993,7.9,85.0,82097,1.32,94
808,"Aguirre, the Wrath of God",1972,8.0,,48937,,95
809,Batman: Mask of the Phantasm,1993,7.8,,40374,5.62,76
810,Good Bye Lenin!,2003,7.7,68.0,132610,4.06,121
811,Bringing Up Baby,1938,7.9,91.0,52505,,102
812,Anatomy of a Murder,1959,8.0,95.0,56080,11.9,161
813,Children of Heaven,1997,8.3,,58282,0.93,89
814,The Day of the Jackal,1973,7.8,80.0,35524,16.06,143
815,Contempt,1963,7.6,,26179,0.04,102
816,Bride of Frankenstein,1935,7.8,,40995,4.36,75
817,The Adventures of Robin Hood,1938,7.9,97.0,45215,3.98,102
818,Kagemusha,1980,8.0,84.0,29965,,162
819,Ace in the Hole,1951,8.1,72.0,27914,3.97,111
820,Three Colors: Red,1994,8.1,100.0,83795,4.04,99
821,Ivan's Childhood,1962,8.1,,28243,,84
822,Elite Squad,2007,8.1,33.0,94555,0.01,115
823,The Sea Inside,2004,8.0,74.0,74637,2.09,126
824,The Little Prince,2015,7.7,70.0,52802,1.34,108
825,Lagaan: Once Upon a Time in India,2001,8.1,84.0,97863,0.07,224
826,A Man for All Seasons,1966,7.7,72.0,29373,28.35,120
827,The Kid,1921,8.3,,104139,5.45,68
828,Loveless,2017,7.6,86.0,26137,0.57,127
829,The Double Life of Véronique,1991,7.8,86.0,38504,2.0,98
830,3-Iron,2004,8.0,72.0,46714,0.24,88
831,Leviathan,2014,7.6,92.0,45751,1.09,140
832,A Prophet,2009,7.9,90.0,90043,2.08,155
833,Mustang,2015,7.6,83.0,32790,0.85,97
834,Tokyo Story,1953,8.2,,47069,,136
835,Peeping Tom,1960,7.7,,28467,0.08,101
836,Pierrot le Fou,1965,7.6,,26674,,110
837,Stalag 17,1953,8.0,84.0,49277,,120
838,The World's Fastest Indian,2005,7.8,68.0,50215,5.13,127
839,Mr. Smith Goes to Washington,1939,8.1,73.0,101639,9.6,129
840,Nights of Cabiria,1957,8.1,,40306,0.75,110
841,Shadow of a Doubt,1943,7.9,94.0,56007,,108
842,Hannah and Her Sisters,1986,7.9,90.0,63823,40.08,107
843,The Passion of Joan of Arc,1928,8.1,,43291,0.02,114
844,La Strada,1954,8.0,,55036,,108
845,Once Were Warriors,1994,7.9,77.0,30240,2.2,102
846,The Motorcycle Diaries,2004,7.8,75.0,93463,16.76,126
847,The Station Agent,2003,7.6,81.0,65498,5.74,89
848,When Marnie Was There,2014,7.7,72.0,26605,0.77,103
849,The Legend of 1900,1998,8.1,58.0,55567,0.26,169
850,"Duck, You Sucker",1971,7.7,77.0,27890,,138
851,Head-On,2004,7.9,78.0,48636,,121
852,Control,2007,7.7,78.0,59367,0.87,122
853,The Lady Vanishes,1938,7.8,,44454,,96
854,Mysterious Skin,2004,7.6,73.0,63884,0.7,105
855,Duck Soup,1933,7.8,93.0,53608,,69
856,Sleuth,1972,8.0,,43061,,138
857,Secrets & Lies,1996,8.0,91.0,34984,13.42,136
858,Lilya 4-Ever,2002,7.8,82.0,40935,0.18,109
859,Gilda,1946,7.7,,25968,,110
860,Pink,2016,8.1,,34984,1.24,136
861,My Name Is Khan,2010,8.0,50.0,93987,4.02,165
862,The Odd Couple,1968,7.7,86.0,30070,44.53,105
863,Sunrise,1927,8.1,,44930,0.54,94
864,Tokyo Godfathers,2003,7.8,73.0,28249,0.13,92
865,Cries & Whispers,1972,8.1,,27494,,91
866,Crimes and Misdemeanors,1989,7.9,77.0,52137,18.25,104
867,5 Centimeters Per Second,2007,7.6,,46939,,63
868,Night on Earth,1991,7.8,68.0,52231,2.02,129
869,The Girl Who Leapt Through Time,2006,7.8,,56056,,98
870,Confessions,2010,7.8,,33462,,106
871,A Hard Day's Night,1964,7.6,96.0,38174,13.78,87
872,Swades,2004,8.2,,77987,1.22,189
873,Key Largo,1948,7.8,,35291,,100
874,Wolf Children,2012,8.1,71.0,34815,,117
875,Red River,1948,7.8,,26497,,133
876,Persepolis,2007,8.0,90.0,84709,4.45,96
877,Death Note,2006,7.7,,27627,,126
878,The Broken Circle Breakdown,2012,7.8,70.0,37612,0.18,111
879,The Message,1976,8.2,,41354,,177
880,The Vanishing,1988,7.7,,31242,,107
881,Throne of Blood,1957,8.1,,41918,,110
882,The 39 Steps,1935,7.7,,48665,,86
883,To Have and Have Not,1944,7.9,,29199,,100
884,His Girl Friday,1940,7.9,,50369,0.3,92
885,White Heat,1949,8.2,,27473,,114
886,The Bandit,1996,8.3,,58798,,128
887,The Lunchbox,2013,7.8,76.0,44633,4.23,104
888,Miracle on 34th Street,1947,7.9,88.0,38533,2.65,96
889,Fearless,2006,7.6,70.0,70981,24.63,104
890,The Celebration,1998,8.0,82.0,75042,1.65,105
891,Shine,1996,7.7,87.0,49645,35.81,105
892,The Exterminating Angel,1962,8.1,,27319,,95
893,Once Upon a Time in Anatolia,2011,7.9,82.0,37101,0.14,157
894,In America,2002,7.7,76.0,39578,15.54,105
895,The General,1926,8.1,,75332,0.23,67
896,Kal ho naa ho,2003,8.0,54.0,59707,1.79,186
897,About Elly,2009,8.0,87.0,40810,0.11,119
898,Rang De Basanti,2006,8.2,,104710,2.2,167
899,"Black Cat, White Cat",1998,8.1,73.0,48587,0.35,127
900,Ayla: The Daughter of War,2017,8.5,,29525,,125
901,"4 Months, 3 Weeks and 2 Days",2007,7.9,97.0,53863,1.19,113
902,The Discreet Charm of the Bourgeoisie,1972,7.9,93.0,35316,0.2,102
903,The Hidden Fortress,1958,8.1,,31404,,126
904,The Return,2003,8.0,82.0,39839,0.5,110
905,In a Better World,2010,7.6,65.0,37286,1.01,118
906,Harvey,1950,7.9,,51147,,104
907,The Chorus,2004,7.9,56.0,54503,3.64,97
908,My Sassy Girl,2001,8.0,,43553,,123
909,Three Colors: White,1994,7.7,88.0,58612,1.46,92
910,Cowboy Bebop: The Movie,2001,7.9,61.0,40780,1.0,115
911,My Father and My Son,2005,8.3,,72430,,108
912,After the Wedding,2006,7.7,78.0,30494,0.41,120
913,Love Me If You Dare,2003,7.6,45.0,65113,0.55,93
914,Departures,2008,8.1,68.0,46398,1.5,130
915,No Man's Land,2001,7.9,84.0,43024,1.06,98
916,The Gold Rush,1925,8.2,,93603,5.45,95
917,Battleship Potemkin,1925,8.0,,50050,0.05,66
918,Inherit the Wind,1960,8.1,75.0,25741,,128
919,Down by Law,1986,7.8,75.0,45212,1.44,107
920,Cell 211,2009,7.6,,61256,,113
921,Raise the Red Lantern,1991,8.1,,27570,2.6,125
922,Jules and Jim,1962,7.8,,35013,,105
923,Talvar,2015,8.2,,27392,0.34,132
924,The Secret of Kells,2009,7.6,81.0,29478,0.69,75
925,Lifeboat,1944,7.7,78.0,25154,,97
926,Brief Encounter,1945,8.0,,33206,,86
927,The Battle of Algiers,1966,8.1,96.0,49260,0.06,121
928,Queen,2013,8.2,,57178,1.43,146
929,Arsenic and Old Lace,1944,8.0,,63075,,118
930,Hard Boiled,1992,7.8,,44834,,128
931,The Experiment,2001,7.7,60.0,88638,0.14,120
932,Il Postino,1994,7.7,81.0,31744,21.85,108
933,A Night at the Opera,1935,7.9,,29380,,96
934,Dil Chahta Hai,2001,8.1,,63236,0.3,183
935,Elite Squad: The Enemy Within,2010,8.0,71.0,76729,0.1,115
936,Kahaani,2012,8.1,,54077,1.04,122
937,The Past,2013,7.8,85.0,42579,1.33,130
938,Baahubali 2: The Conclusion,2017,8.2,,69469,20.19,167
939,Joyeux Noel,2005,7.7,70.0,26641,1.05,116
940,The Triplets of Belleville,2003,7.8,91.0,49047,7.0,78
941,Au Revoir les Enfants,1987,8.0,,29224,4.54,104
942,Hera Pheri,2000,8.2,,51148,,156
943,Evil,2003,7.8,61.0,34471,0.02,113
944,Kind Hearts and Coronets,1949,8.0,,32984,,106
945,Munna Bhai M.B.B.S.,2003,8.1,,68690,,156
946,Adam's Apples,2005,7.8,51.0,43309,0.0,94
947,Dilwale Dulhania Le Jayenge,1995,8.1,,59978,,181
948,The Purple Rose of Cairo,1985,7.7,75.0,44700,10.63,82
949,The Lost Weekend,1945,7.9,,31765,9.46,101
950,The Visitor,2007,7.6,79.0,40706,9.42,104
951,Haider,2014,8.1,,47483,0.9,160
952,Interstate 60: Episodes of the Road,2002,7.7,,28566,,116
953,G.O.R.A.,2004,8.0,,52508,,127
954,Tae Guk Gi: The Brotherhood of War,2004,8.1,64.0,36544,1.11,140
955,Udaan,2010,8.1,,40108,0.01,134
956,Fireworks,1997,7.8,,25908,0.23,103
957,A Wednesday,2008,8.1,,70460,,104
958,The Magdalene Sisters,2002,7.7,83.0,25151,4.89,114
959,The Killer,1989,7.8,82.0,44153,,111
960,Baby,2015,8.0,,50102,,159
961,Veer-Zaara,2004,7.8,67.0,46491,2.92,192
962,The Breath,2009,8.0,,30455,,128
963,Dev.D,2009,8.0,,27079,0.01,144
964,Nine Queens,2000,7.9,80.0,47353,1.22,114
965,Chak de! India,2007,8.2,68.0,69478,1.11,153
966,Tangerines,2013,8.2,73.0,35266,0.14,87
967,Love and Death,1975,7.7,89.0,34044,,85
968,Sherlock Jr.,1924,8.2,,36526,0.98,45
969,Vampire Hunter D: Bloodlust,2000,7.7,62.0,27794,0.15,103
970,Knockin' on Heaven's Door,1997,8.0,,26088,0.0,87
971,Sanjuro,1962,8.1,,29669,,96
972,Hiroshima Mon Amour,1959,7.9,,26127,0.09,90
973,Central Station,1998,8.0,80.0,33997,5.6,110
974,La Grande Illusion,1937,8.1,,32158,0.17,113
975,Zelig,1983,7.7,,38222,11.8,79
976,Barfi!,2012,8.1,,71432,2.8,151
977,The Shop Around the Corner,1940,8.1,,25838,0.2,99
978,The Rules of the Game,1939,8.0,,25189,,110
979,Le Dîner de Cons,1998,7.7,73.0,35520,4.07,80
980,Sholay,1975,8.2,,48628,,162
981,Bajrangi Bhaijaan,2015,8.0,,67167,8.18,163
982,Jab We Met,2007,7.9,,44335,0.41,138
983,The Edge of Heaven,2007,7.8,85.0,29539,0.74,122
984,Vicky Donor,2012,7.8,,37224,0.17,126
985,Drishyam,2013,8.4,,28421,,160
986,Boy A,2007,7.6,75.0,36141,0.11,102
987,Everyone Has Their Own Style,1994,8.2,,46986,,160
988,Airlift,2016,8.0,,50211,,130
989,C.R.A.Z.Y.,2005,7.9,81.0,30664,,127
990,The Muppet Christmas Carol,1992,7.7,64.0,45656,27.28,85
991,OMG: Oh My God!,2012,8.2,,47202,0.92,125
992,Special 26,2013,8.0,,47419,1.08,144
993,"Carry On, Munna Bhai",2006,8.1,,40233,2.22,144
994,And Now for Something Completely Different,1971,7.6,,27937,,88
995,Bhaag Milkha Bhaag,2013,8.2,,57123,1.63,186
996,Black,2005,8.2,,32007,0.73,122
997,Vizontele,2001,8.0,,30445,,110
998,English Vinglish,2012,7.8,,31562,1.67,134
999,Paan Singh Tomar,2012,8.2,,30362,0.04,135
